{
    "items": [
        {
            "sys": { "id": "1" },
            "fields": {
                "title": "queen panel bed",
                "price": 10.99,
                "image": {
                    "fields": {
                        "file": {
                            "url": "/app/img/shopping-cart/product-1.jpeg"
                        }
                    }
                }
            }
        },
        {
            "sys": { "id": "2" },
            "fields": {
                "title": "king panel bed",
                "price": 12.99,
                "image": {
                    "fields": {
                        "file": {
                            "url": "/app/img/shopping-cart/product-2.jpeg"
                        }
                    }
                }
            }
        },
        {
            "sys": { "id": "3" },
            "fields": {
                "title": "single panel bed",
                "price": 12.99,
                "image": {
                    "fields": {
                        "file": {
                            "url": "/app/img/shopping-cart/product-3.jpeg"
                        }
                    }
                }
            }
        },
        {
            "sys": { "id": "4" },
            "fields": {
                "title": "twin panel bed",
                "price": 22.99,
                "image": {
                    "fields": {
                        "file": {
                            "url": "/app/img/shopping-cart/product-4.jpeg"
                        }
                    }
                }
            }
        },
        {
            "sys": { "id": "5" },
            "fields": {
                "title": "fridge",
                "price": 88.99,
                "image": {
                    "fields": {
                        "file": {
                            "url": "/app/img/shopping-cart/product-5.jpeg"
                        }
                    }
                }
            }
        },
        {
            "sys": { "id": "6" },
            "fields": {
                "title": "dresser",
                "price": 32.99,
                "image": {
                    "fields": {
                        "file": {
                            "url": "/app/img/shopping-cart/product-6.jpeg"
                        }
                    }
                }
            }
        },
        {
            "sys": { "id": "7" },
            "fields": {
                "title": "couch",
                "price": 45.99,
                "image": {
                    "fields": {
                        "file": {
                            "url": "/app/img/shopping-cart/hero-bcg.jpeg"
                        }
                    }
                }
            }
        },
        {
            "sys": { "id": "8" },
            "fields": {
                "title": "table",
                "price": 33.99,
                "image": {
                    "fields": {
                        "file": {
                            "url": "/app/img/shopping-cart/product-8.jpeg"
                        }
                    }
                }
            }
        }
    ]
}
